Device,Hub,Account_Flow,Source,FileType,EntryPoint,Protection,FileSize,AppsInstalled,HubAccount,AppAccount,Flow,ErrorObserved,FinalOutcome,Notes
iPhone,Outlook,Primary→Primary,Attachment,xlsx,message_detail,Password+Confidential,M,Excel Standalone,Primary,Primary,mWeb Previewer → Excel,Error messaging unclear,Opened after password,"Cumbersome flow, wrong desktop error"
iPhone,Outlook,Primary→Primary,Onedrive Business,xlsx,files_search,Password+Confidential,M,Excel Standalone,Primary,Primary,mWeb Previewer → Excel,Desktop error shown,Opened after password,Unnecessary error
iPhone,Outlook,Primary→Primary,Onedrive Business,xlsx,message_detail,Password+Confidential,M,No App Installed,Primary,Primary,mWeb Previewer,Error messaging unclear,Eventually opened after install,App install step not conveyed
iPhone,Outlook,Primary→Primary,Onedrive Business,xlsx,message_detail,Password+Confidential,M,M365 Standalone,Primary,Primary,mWeb Previewer → M365,Error shown,Opened in M365,Navigated to M365 Copilot
iPhone,Outlook,Primary→Primary,Attachment,xlsx,message_detail,Password+Confidential,M,All Three Installed,Primary,Primary,mWeb Previewer → Excel,Error shown,Opened in Excel,Standalone Excel preferred
iPhone,Outlook,Secondary→Primary,Attachment,xlsx,message_detail,Password+Confidential,S,WXP+M365,Secondary,Primary,mWeb Previewer → Excel,Error + Loader overlap,Dead-end,Graceful failure missing
iPad,Outlook,Primary→Secondary,Onedrive Business,xlsx,message_detail,Confidential,M,All Three Installed,Primary,Secondary,mWeb Previewer,Permission error unclear,Repeated sign-in prompts,Poor error copy
iPad,Outlook,Primary→Secondary,Onedrive Business,xlsx,message_detail,Highly Confidential,M,M365 Standalone,Primary,Secondary,mWeb Previewer → M365,Permission error unclear,File did not open,Dead-end experience
iPad,Outlook,Primary→Secondary,Onedrive Business,xlsx,message_detail,Highly Confidential,XL,WXP+M365,Primary,Secondary,Redirect to desktop app,Repeated login prompts,Dead-end,100MB+ edge case
iPad,Outlook,Primary→Secondary,Onedrive Business,xlsx,message_detail,General,XL,WXP+M365,Primary,Secondary,Redirect to desktop app,No error,Opened in Excel,Worked but via desktop
iPad,Outlook,Primary→Secondary,Onedrive Business,xlsx,message_detail,Password Protected,XL,Excel Standalone,Primary,Secondary,Redirect to desktop app,Multiple loaders shown,Eventually opened,Craft bug: loaders overlap
