{
  "R25_password_prompt_presence": {
    "if": {
      "conditions.file.protection.password": true
    },
    "then": {
      "observed.summary.password_prompt_present": true
    },
    "violation": "Password-protected file did not show a password prompt."
  },
  "R26_redundant_desktop_cta_under_100mb": {
    "if": {
      "conditions.file.size_tier": {
        "in": [
          "S",
          "M",
          "L"
        ]
      }
    },
    "then_forbid_errors": [
      "Open in Desktop app",
      "Redirecting to desktop app"
    ],
    "violation": "Redundant desktop error/CTA for non-XL file."
  },
  "R27_loader_duplication": {
    "detect": "same_state_multiple_loaders",
    "violation": "Multiple/rotating loader messages for same state."
  },
  "R29_error_over_spinner": {
    "detect": "error_and_loader_same_frame",
    "violation": "Loader visible concurrently with error."
  },
  "R30_state_regression_after_error": {
    "detect": "error_then_loader_no_user_action",
    "violation": "State regression: loader after error without user action."
  },
  "R31_error_primacy": {
    "detect": "spinner_z_over_error",
    "violation": "Error surface not on top of loader (z-index/timer bug)."
  },
  "R32_error_actionable_copy": {
    "require_cta_after_error": true,
    "violation": "Error message lacks actionable next step (Try again / Switch account / Install app)."
  },
  "R34_password_label_flow": {
    "if": {
      "conditions.file.protection.password": true,
      "conditions.file.protection.label": {
        "in": [
          "Confidential",
          "Highly Confidential"
        ]
      },
      "conditions.file.size_tier": {
        "in": [
          "S",
          "M"
        ]
      }
    },
    "forbid_errors": [
      "Open in Desktop app",
      "Redirecting to desktop app"
    ],
    "violation": "Password+Label (S/M): unnecessary desktop error."
  },
  "R35_account_mismatch_primary_secondary": {
    "if": {
      "conditions.accounts.hub_account": "Primary",
      "conditions.accounts.app_account": "Secondary"
    },
    "expect_cta_contains": [
      "Switch account",
      "Continue as"
    ],
    "violation": "Account mismatch without clear switch-account guidance."
  },
  "R36_account_mismatch_secondary_primary": {
    "if": {
      "conditions.accounts.hub_account": "Secondary",
      "conditions.accounts.app_account": "Primary"
    },
    "expect_cta_contains": [
      "Switch account",
      "Continue as"
    ],
    "violation": "Account mismatch (Sec\u2192Pri) without clear switch-account guidance."
  },
  "R37_app_precedence_when_multiple": {
    "if": {
      "conditions.apps_installed.excel": true,
      "conditions.apps_installed.m365": true
    },
    "expect_handoff": "Excel Standalone",
    "violation": "Excel not preferred when both Excel and M365 are installed."
  },
  "R38_no_app_installed_requires_store_cta": {
    "if": {
      "conditions.apps_installed.excel": false,
      "conditions.apps_installed.m365": false
    },
    "expect_cta_contains": [
      "Install Excel",
      "Get Excel",
      "Install M365"
    ],
    "violation": "No app installed but no store-install CTA shown."
  },
  "R39_xl_threshold_desktop_redirect": {
    "if": {
      "conditions.file.size_tier": "XL"
    },
    "allow_errors": [
      "Open in Desktop app",
      "Redirecting to desktop app",
      "100MB limit"
    ],
    "violation": "XL file did not guide to desktop appropriately."
  }
}